path,Q_init,S_init,tau,Q_minus,Q_plus,S_minus,S_plus
./data/datasets/varying_pinn_datasets/varying_Q.csv,50,10000.0,2.512584924697876,78.88585662841797,1326.728759765625,74458.5234375,211469.703125
./data/datasets/varying_pinn_datasets/varying_Q.csv,50,10000.0,3.977510452270508,37.82732009887695,273.93182373046875,65.21356964111328,123435.4375
./data/datasets/varying_pinn_datasets/varying_Q.csv,50,10000.0,4.505709648132324,35.974151611328125,656.1848754882812,51463.0546875,166479.875
