path,Q_init,S_init,tau,Q_minus,Q_plus,S_minus,S_plus
./data/datasets/varying_pinn_datasets/varying_Q.csv,50,1000000.0,2.5107057094573975,153.9397735595703,1340.963623046875,99085.5,214735.546875
./data/datasets/varying_pinn_datasets/varying_Q.csv,50,1000000.0,3.968600034713745,1142.370361328125,147.10821533203125,168127.40625,91168.828125
./data/datasets/varying_pinn_datasets/varying_Q.csv,50,1000000.0,4.511240005493164,252.70474243164062,903.4804077148438,119096.546875,240094.125
