path,Q_init,S_init,tau,Q_minus,Q_plus,S_minus,S_plus
./data/datasets/varying_pinn_datasets/varying_Q.csv,200,100000.0,2.5115718841552734,63.0111083984375,1322.083251953125,69791.5234375,210531.390625
./data/datasets/varying_pinn_datasets/varying_Q.csv,200,100000.0,3.9768378734588623,71.47486114501953,294.554443359375,5085.2216796875,129240.359375
./data/datasets/varying_pinn_datasets/varying_Q.csv,200,100000.0,4.504487037658691,20.02280616760254,673.181396484375,46844.95703125,171846.28125
