{
  "dataset": "data\\datasets\\validation_dataset\\iaq_varyQ_seg10_seed64.csv",
  "run_name": "Average_ensemble_13",
  "mode": "Q",
  "recon_mean_rel_err": 0.4455933435965115,
  "recon_median_rel_err": 0.4733113370452905,
  "recon_max_rel_err": 0.7283507963490994,
  "recon_rmse": 200.5129214915724,
  "cp_precision": 0.4166666666666667,
  "cp_recall": 0.5555555555555556,
  "cp_f1": 0.4761904761904762,
  "cp_n_true": 9,
  "cp_n_pred": 12,
  "cp_count_error": 3,
  "n_hidden": 3,
  "hidden_dim": 64,
  "warmup_epochs": 1500,
  "ramp_epochs": 1100,
  "stage1_sigma": 6.177938360791919
}