path,Q_init,S_init,tau,Q_minus,Q_plus,S_minus,S_plus
./data/datasets/varying_pinn_datasets/varying_Q.csv,50,50000.0,2.5122010707855225,70.21356964111328,1328.0029296875,71854.7265625,211775.453125
./data/datasets/varying_pinn_datasets/varying_Q.csv,50,50000.0,3.9780263900756836,59.52229309082031,273.78857421875,3402.92626953125,123358.4765625
./data/datasets/varying_pinn_datasets/varying_Q.csv,50,50000.0,4.505729675292969,21.317363739013672,682.0903930664062,47045.078125,174330.875
