path,Q_init,S_init,tau,Q_minus,Q_plus,S_minus,S_plus
./data/datasets/varying_pinn_datasets/varying_Q.csv,100,50000.0,2.5121893882751465,73.84213256835938,1322.121826171875,73025.609375,210407.9375
./data/datasets/varying_pinn_datasets/varying_Q.csv,100,50000.0,3.979802131652832,50.522682189941406,290.2480163574219,2267.8603515625,127561.6796875
./data/datasets/varying_pinn_datasets/varying_Q.csv,100,50000.0,4.505845546722412,37.27736282348633,659.3662109375,51902.8046875,167403.125
