path,Q_init,S_init,tau,Q_minus,Q_plus,S_minus,S_plus
./data/datasets/varying_pinn_datasets/varying_Q.csv,50,100000.0,2.5107829570770264,48.950531005859375,1318.8651123046875,65660.0546875,209992.984375
./data/datasets/varying_pinn_datasets/varying_Q.csv,50,100000.0,3.9756410121917725,87.41975402832031,306.99908447265625,7377.90673828125,132602.4375
./data/datasets/varying_pinn_datasets/varying_Q.csv,50,100000.0,4.505859851837158,5.161990642547607,754.80224609375,42667.9921875,195998.734375
