path,Q_init,S_init,tau,Q_minus,Q_plus,S_minus,S_plus
./data/datasets/varying_pinn_datasets/varying_Q.csv,100,10000.0,2.5125136375427246,79.3065414428711,1325.0640869140625,74698.2109375,210993.28125
./data/datasets/varying_pinn_datasets/varying_Q.csv,100,10000.0,3.97772216796875,36.697227478027344,292.3749694824219,12.322213172912598,128289.890625
./data/datasets/varying_pinn_datasets/varying_Q.csv,100,10000.0,4.505410194396973,27.85891342163086,663.8716430664062,49117.6796875,168626.96875
