path,Q_init,S_init,tau,Q_minus,Q_plus,S_minus,S_plus
./data/datasets/varying_pinn_datasets/varying_Q.csv,50,200000.0,2.5093040466308594,27.353281021118164,1313.5467529296875,59237.1171875,209064.015625
./data/datasets/varying_pinn_datasets/varying_Q.csv,50,200000.0,3.973550319671631,155.52845764160156,315.49285888671875,17246.103515625,135297.890625
./data/datasets/varying_pinn_datasets/varying_Q.csv,50,200000.0,4.507896900177002,19.0897274017334,831.5115356445312,46927.90234375,218155.84375
