{
  "dataset": "data\\datasets\\validation_dataset\\iaq_varyQ_seg10_seed64.csv",
  "run_name": "Average_ensemble_12",
  "mode": "Q",
  "recon_mean_rel_err": 0.36645280716435247,
  "recon_median_rel_err": 0.3313806744493292,
  "recon_max_rel_err": 0.7200060948891229,
  "recon_rmse": 160.46616371239995,
  "cp_precision": 0.6666666666666666,
  "cp_recall": 0.8888888888888888,
  "cp_f1": 0.761904761904762,
  "cp_n_true": 9,
  "cp_n_pred": 12,
  "cp_count_error": 3,
  "n_hidden": 3,
  "hidden_dim": 64,
  "warmup_epochs": 1500,
  "ramp_epochs": 1100,
  "stage1_sigma": 6.177938360791919
}