{
  "dataset": "data\\datasets\\validation_dataset\\iaq_varyQ_seg10_seed64.csv",
  "run_name": "Average_ensemble_6",
  "mode": "Q",
  "recon_mean_rel_err": 0.4128797967696999,
  "recon_median_rel_err": 0.38260908692141077,
  "recon_max_rel_err": 0.8196667613138381,
  "recon_rmse": 178.86744970434995,
  "cp_precision": 0.6666666666666666,
  "cp_recall": 0.8888888888888888,
  "cp_f1": 0.761904761904762,
  "cp_n_true": 9,
  "cp_n_pred": 12,
  "cp_count_error": 3,
  "n_hidden": 3,
  "hidden_dim": 64,
  "warmup_epochs": 1500,
  "ramp_epochs": 1100,
  "stage1_sigma": 6.177938360791919
}