{
  "dataset": "data\\datasets\\validation_dataset\\iaq_varyQ_seg10_seed64.csv",
  "run_name": "Average_ensemble_9",
  "mode": "Q",
  "recon_mean_rel_err": 0.4055600012913029,
  "recon_median_rel_err": 0.45323353554441276,
  "recon_max_rel_err": 0.7002169723108311,
  "recon_rmse": 190.17540074013974,
  "cp_precision": 0.5,
  "cp_recall": 0.6666666666666666,
  "cp_f1": 0.5714285714285715,
  "cp_n_true": 9,
  "cp_n_pred": 12,
  "cp_count_error": 3,
  "n_hidden": 3,
  "hidden_dim": 64,
  "warmup_epochs": 1500,
  "ramp_epochs": 1100,
  "stage1_sigma": 6.177938360791919
}