path,Q_init,S_init,tau,Q_minus,Q_plus,S_minus,S_plus
./data/datasets/varying_pinn_datasets/varying_Q.csv,50,100000.0,2.5107603073120117,47.458534240722656,1318.466552734375,65152.75390625,209903.484375
./data/datasets/varying_pinn_datasets/varying_Q.csv,50,100000.0,3.975642442703247,87.3375015258789,306.9708251953125,7385.09423828125,132597.25
./data/datasets/varying_pinn_datasets/varying_Q.csv,50,100000.0,4.5058746337890625,5.019783973693848,755.59521484375,42599.80859375,196252.546875
