path,Q_init,S_init,tau,Q_minus,Q_plus,S_minus,S_plus
./data/datasets/varying_pinn_datasets/varying_Q.csv,100,100000.0,2.511425495147705,56.8868522644043,1327.564208984375,68058.9140625,211621.015625
./data/datasets/varying_pinn_datasets/varying_Q.csv,100,100000.0,3.976180076599121,85.33036041259766,305.0421447753906,6739.4970703125,132115.578125
./data/datasets/varying_pinn_datasets/varying_Q.csv,100,100000.0,4.505805015563965,4.8665642738342285,729.5697021484375,42382.40625,188205.796875
