path,Q_init,S_init,tau,Q_minus,Q_plus,S_minus,S_plus
./data/datasets/varying_pinn_datasets/varying_Q.csv,100,100000.0,2.5114212036132812,51.04973220825195,1329.1121826171875,66041.8203125,211963.765625
./data/datasets/varying_pinn_datasets/varying_Q.csv,100,100000.0,3.9761109352111816,82.83573913574219,309.3685607910156,6622.115234375,133045.40625
./data/datasets/varying_pinn_datasets/varying_Q.csv,100,100000.0,4.506510257720947,4.574807643890381,741.12451171875,42117.921875,191795.96875
