path,Q_init,S_init,tau,Q_minus,Q_plus,S_minus,S_plus
./data/datasets/varying_pinn_datasets/varying_Q.csv,100,1000000.0,2.512319564819336,179.0019989013672,1370.3392333984375,106851.875,220352.171875
./data/datasets/varying_pinn_datasets/varying_Q.csv,100,1000000.0,3.975144147872925,1097.7999267578125,280.4154968261719,160638.5,126258.0703125
./data/datasets/varying_pinn_datasets/varying_Q.csv,100,1000000.0,4.511538505554199,245.96539306640625,904.722412109375,116844.265625,240333.75
