path,Q_init,S_init,tau,Q_minus,Q_plus,S_minus,S_plus
./data/datasets/varying_pinn_datasets/varying_Q.csv,200,10000.0,2.512077808380127,67.8017807006836,1330.0009765625,71211.96875,212048.078125
./data/datasets/varying_pinn_datasets/varying_Q.csv,200,10000.0,3.9764060974121094,41.54499435424805,303.84564208984375,179.51922607421875,131641.421875
./data/datasets/varying_pinn_datasets/varying_Q.csv,200,10000.0,4.506194114685059,25.309322357177734,698.5414428710938,48331.7421875,178621.828125
