{
  "iaq_varyQ_seg10_seed64": {
    "dataset_path": "data\\datasets\\validation_dataset\\iaq_varyQ_seg10_seed64.csv",
    "mode": "Q",
    "tau_inits": [
      0.20000000298023224,
      0.8166666626930237,
      1.4666666984558105,
      1.9500000476837158,
      2.633333444595337,
      3.866666555404663,
      4.733333110809326,
      5.183333396911621,
      6.150000095367432,
      6.849999904632568,
      7.316666603088379,
      7.7833333015441895
    ],
    "t_min": 0.0,
    "t_max": 8.0,
    "true_taus": [
      0.9,
      1.45,
      2.183333333333333,
      3.3166666666666664,
      3.8666666666666663,
      5.1,
      6.066666666666666,
      6.666666666666667,
      7.2
    ]
  },
  "iaq_varyQ_seg11_seed12": {
    "dataset_path": "data\\datasets\\validation_dataset\\iaq_varyQ_seg11_seed12.csv",
    "mode": "Q",
    "tau_inits": [
      0.20000000298023224,
      0.8666666746139526,
      1.600000023841858,
      2.200000047683716,
      2.799999952316284,
      3.549999952316284,
      4.133333206176758,
      4.983333110809326,
      5.583333492279053,
      6.566666603088379,
      7.0333333015441895,
      7.5
    ],
    "t_min": 0.0,
    "t_max": 8.0,
    "true_taus": [
      0.9833333333333332,
      1.5833333333333333,
      2.1666666666666665,
      2.85,
      3.466666666666667,
      4.3,
      4.85,
      5.8,
      6.733333333333333,
      7.233333333333333
    ]
  },
  "iaq_varyQ_seg11_seed87": {
    "dataset_path": "data\\datasets\\validation_dataset\\iaq_varyQ_seg11_seed87.csv",
    "mode": "Q",
    "tau_inits": [
      0.20000000298023224,
      0.7333333492279053,
      2.200000047683716,
      3.4833333492279053,
      3.933333396911621,
      5.0
    ],
    "t_min": 0.0,
    "t_max": 8.0,
    "true_taus": [
      0.9,
      1.4833333333333334,
      2.216666666666667,
      2.933333333333333,
      3.5166666666666666,
      4.283333333333333,
      5.033333333333333,
      5.9,
      6.55,
      7.5
    ]
  },
  "iaq_varyQ_seg11_seed90": {
    "dataset_path": "data\\datasets\\validation_dataset\\iaq_varyQ_seg11_seed90.csv",
    "mode": "Q",
    "tau_inits": [
      0.20000000298023224,
      0.75,
      1.649999976158142,
      2.633333444595337,
      3.0999999046325684,
      4.016666889190674,
      4.849999904632568,
      5.416666507720947,
      5.933333396911621,
      6.5,
      7.0333333015441895
    ],
    "t_min": 0.0,
    "t_max": 8.0,
    "true_taus": [
      0.8333333333333334,
      1.5666666666666669,
      2.2666666666666666,
      3.083333333333333,
      3.65,
      4.466666666666667,
      5.366666666666666,
      6.05,
      6.55,
      7.116666666666666
    ]
  },
  "iaq_varyQ_seg12_seed22": {
    "dataset_path": "data\\datasets\\validation_dataset\\iaq_varyQ_seg12_seed22.csv",
    "mode": "Q",
    "tau_inits": [
      0.20000000298023224,
      0.9666666388511658,
      2.0166666507720947,
      2.450000047683716,
      3.2666666507720947,
      3.950000047683716,
      4.7166666984558105,
      5.666666507720947,
      6.616666793823242,
      7.5
    ],
    "t_min": 0.0,
    "t_max": 8.0,
    "true_taus": [
      0.5833333333333334,
      1.1,
      1.8333333333333333,
      2.4833333333333334,
      3.333333333333333,
      4.116666666666666,
      4.916666666666667,
      5.433333333333334,
      6.116666666666666,
      6.833333333333333,
      7.35
    ]
  },
  "iaq_varyQ_seg12_seed83": {
    "dataset_path": "data\\datasets\\validation_dataset\\iaq_varyQ_seg12_seed83.csv",
    "mode": "Q",
    "tau_inits": [
      0.20000000298023224,
      0.6833333373069763,
      1.2000000476837158,
      2.0166666507720947,
      2.450000047683716,
      2.9000000953674316,
      4.0,
      4.666666507720947,
      5.199999809265137,
      5.7833333015441895,
      6.400000095367432,
      7.316666603088379,
      7.7833333015441895
    ],
    "t_min": 0.0,
    "t_max": 8.0,
    "true_taus": [
      0.5166666666666666,
      1.25,
      1.8666666666666667,
      2.4833333333333334,
      3.0666666666666664,
      3.883333333333333,
      4.533333333333333,
      5.166666666666667,
      5.883333333333333,
      6.55,
      7.266666666666667
    ]
  },
  "iaq_varyQ_seg13_seed26": {
    "dataset_path": "data\\datasets\\validation_dataset\\iaq_varyQ_seg13_seed26.csv",
    "mode": "Q",
    "tau_inits": [
      0.20000000298023224,
      0.8833333253860474,
      1.8333333730697632,
      2.3499999046325684,
      3.200000047683716,
      3.8499999046325684,
      4.766666889190674,
      5.5,
      6.016666889190674,
      6.516666889190674,
      7.483333110809326
    ],
    "t_min": 0.0,
    "t_max": 8.0,
    "true_taus": [
      0.5666666666666667,
      1.0833333333333333,
      1.75,
      2.45,
      3.083333333333333,
      3.733333333333333,
      4.266666666666667,
      4.9,
      5.45,
      6.066666666666666,
      6.65,
      7.383333333333333
    ]
  },
  "iaq_varyQ_seg13_seed3": {
    "dataset_path": "data\\datasets\\validation_dataset\\iaq_varyQ_seg13_seed3.csv",
    "mode": "Q",
    "tau_inits": [
      0.20000000298023224,
      0.6833333373069763,
      1.1666666269302368,
      1.7166666984558105,
      2.2166666984558105,
      2.9000000953674316,
      3.4833333492279053,
      3.883333444595337,
      4.400000095367432,
      4.849999904632568,
      5.2833333015441895,
      6.050000190734863,
      6.5,
      7.25
    ],
    "t_min": 0.0,
    "t_max": 8.0,
    "true_taus": [
      0.5666666666666667,
      1.2833333333333332,
      1.95,
      2.466666666666667,
      3.083333333333333,
      3.716666666666667,
      4.266666666666667,
      4.95,
      5.483333333333333,
      6.1,
      6.733333333333333,
      7.35
    ]
  },
  "iaq_varyQ_seg13_seed96": {
    "dataset_path": "data\\datasets\\validation_dataset\\iaq_varyQ_seg13_seed96.csv",
    "mode": "Q",
    "tau_inits": [
      0.20000000298023224,
      0.7833333611488342,
      1.7166666984558105,
      2.616666555404663,
      3.616666555404663,
      4.4666666984558105,
      5.016666889190674,
      5.733333110809326,
      6.516666889190674,
      6.9666666984558105,
      7.383333206176758
    ],
    "t_min": 0.0,
    "t_max": 8.0,
    "true_taus": [
      0.6666666666666666,
      1.3,
      1.9,
      2.5166666666666666,
      3.1666666666666665,
      3.683333333333333,
      4.4,
      5.1,
      5.65,
      6.333333333333333,
      6.883333333333333,
      7.399999999999999
    ]
  },
  "iaq_varyQ_seg14_seed39": {
    "dataset_path": "data\\datasets\\validation_dataset\\iaq_varyQ_seg14_seed39.csv",
    "mode": "Q",
    "tau_inits": [
      0.20000000298023224,
      0.6333333253860474,
      1.8333333730697632,
      2.2333333492279053,
      2.7666666507720947,
      3.433333396911621,
      3.8499999046325684,
      5.0333333015441895,
      5.766666889190674,
      6.400000095367432,
      6.949999809265137,
      7.366666793823242
    ],
    "t_min": 0.0,
    "t_max": 8.0,
    "true_taus": [
      0.6,
      1.1166666666666667,
      1.6666666666666667,
      2.25,
      2.8666666666666667,
      3.4,
      3.933333333333333,
      4.583333333333333,
      5.183333333333334,
      5.8,
      6.4,
      6.933333333333334,
      7.466666666666667
    ]
  },
  "iaq_varyQ_seg14_seed45": {
    "dataset_path": "data\\datasets\\validation_dataset\\iaq_varyQ_seg14_seed45.csv",
    "mode": "Q",
    "tau_inits": [
      0.20000000298023224,
      1.0,
      1.8166667222976685,
      2.7166666984558105,
      3.6666667461395264,
      4.5333333015441895,
      5.099999904632568,
      5.766666889190674,
      6.233333110809326,
      6.733333110809326,
      7.199999809265137
    ],
    "t_min": 0.0,
    "t_max": 8.0,
    "true_taus": [
      0.5666666666666667,
      1.15,
      1.7333333333333334,
      2.283333333333333,
      4.016666666666667,
      4.55,
      5.116666666666666,
      5.683333333333334,
      6.283333333333333,
      6.85,
      7.399999999999999
    ]
  },