path,Q_init,S_init,tau,Q_minus,Q_plus,S_minus,S_plus
./data/datasets/varying_pinn_datasets/varying_Q.csv,50,300000.0,2.5109479427337646,61.30774688720703,1346.0804443359375,69762.578125,215544.75
./data/datasets/varying_pinn_datasets/varying_Q.csv,50,300000.0,3.974752426147461,249.9622344970703,325.97662353515625,31451.234375,137894.96875
./data/datasets/varying_pinn_datasets/varying_Q.csv,50,300000.0,4.507663726806641,38.016292572021484,840.9541625976562,52903.7890625,220875.625
