{
  "dataset": "data\\datasets\\validation_dataset\\iaq_varyQ_seg11_seed12.csv",
  "run_name": "Easy_ensemble_5",
  "mode": "Q",
  "recon_mean_rel_err": 0.14934954522738256,
  "recon_median_rel_err": 0.13961757354372367,
  "recon_max_rel_err": 0.5765753670789993,
  "recon_rmse": 50.49473993793326,
  "cp_precision": 0.75,
  "cp_recall": 0.9,
  "cp_f1": 0.8181818181818182,
  "cp_n_true": 10,
  "cp_n_pred": 12,
  "cp_count_error": 2,
  "n_hidden": 3,
  "hidden_dim": 64,
  "warmup_epochs": 1500,
  "ramp_epochs": 1100,
  "stage1_sigma": 6.177938360791919
}